{
  "target": "overall_score",
  "splits": [
    {
      "split_id": 0,
      "train_years": [
        2011,
        2012,
        2013,
        2014,
        2015,
        2016,
        2017,
        2018,
        2019,
        2020,
        2021,
        2022
      ],
      "valid_years": [
        2023
      ],
      "results": {
        "LinearRegression": {
          "MAE": 4.8369047214201695,
          "RMSE": 5.407139786051043,
          "R2": 0.7573404753049903
        },
        "RandomForest": {
          "MAE": 0.6420050000000012,
          "RMSE": 0.8943526747737714,
          "R2": 0.9933613500596844
        },
        "MLP": {
          "MAE": 0.2986656033957109,
          "RMSE": 0.4681237994349084,
          "R2": 0.9981812056736835
        }
      }
    },
    {
      "split_id": 1,
      "train_years": [
        2011,
        2012,
        2013,
        2014,
        2015,
        2016,
        2017,
        2018,
        2019,
        2020,
        2021,
        2022,
        2023
      ],
      "valid_years": [
        2024
      ],
      "results": {
        "LinearRegression": {
          "MAE": 3.732414435421717,
          "RMSE": 4.430319280931999,
          "R2": 0.8243913058767398
        },
        "RandomForest": {
          "MAE": 1.5303184079601913,
          "RMSE": 1.7844895459701064,
          "R2": 0.971509243694734
        },
        "MLP": {
          "MAE": 0.4747980480431458,
          "RMSE": 0.5681451348107617,
          "R2": 0.9971120175752969
        }
      }
    },
    {
      "split_id": 2,
      "train_years": [
        2011,
        2012,
        2013,
        2014,
        2015,
        2016,
        2017,
        2018,
        2019,
        2020,
        2021,
        2022,
        2023,
        2024
      ],
      "valid_years": [
        2025
      ],
      "results": {
        "LinearRegression": {
          "MAE": 3.588053535007195,
          "RMSE": 4.269194955063299,
          "R2": 0.8361160005084506
        },
        "RandomForest": {
          "MAE": 0.7671683168316743,
          "RMSE": 0.9768213310260495,
          "R2": 0.9914202457478426
        },
        "MLP": {
          "MAE": 0.6493361007934639,
          "RMSE": 0.7672418096216382,
          "R2": 0.9947069121631834
        }
      }
    }
  ],
  "models": [
    "LinearRegression",
    "RandomForest",
    "MLP"
  ]
}